{
  "run_id": "15548dfdffdd4098bed0fad2510d2da6",
  "model_version": "3",
  "dataset_version": "v2",
  "challenger": {
    "map50_95": 0.22996327585808288,
    "map50": 0.4753712470256784,
    "per_class_ap50": {
      "helmet": 0.0,
      "no-helmet": 0.0,
      "no-vest": 0.0,
      "person": 0.0,
      "vest": 0.0
    },
    "latency_p95_ms": 2383.070674699971
  },
  "champion": null,
  "delta_map50": 0.4753712470256784,
  "critical_regressions": [],
  "auto_approved": true,
  "model_name": "detr-conditional-resnet50",
  "holdout_size": 90
}