{
  "run_id": "2e5574922b8c42dbae83b8a8af522cd5",
  "model_version": "5",
  "dataset_version": "v2",
  "challenger": {
    "map50_95": 0.22758951299856472,
    "map50": 0.4716719113888252,
    "per_class_ap50": {
      "helmet": 0.7374,
      "no-helmet": 0.1988,
      "no-vest": 0.0,
      "person": 0.8783,
      "vest": 0.5439
    },
    "latency_p95_ms": 2114.99432119999
  },
  "champion": {
    "version": "3",
    "run_id": "15548dfdffdd4098bed0fad2510d2da6",
    "map50": 0.0,
    "map50_95": 0.0,
    "latency_p95_ms": 0.0,
    "per_class_ap50": {
      "person": 0.835,
      "helmet": 0.6154,
      "vest": 0.6428,
      "no-helmet": 0.2682,
      "no-vest": 0.0
    }
  },
  "delta_map50": 0.4716719113888252,
  "critical_regressions": [
    "no-helmet",
    "vest"
  ],
  "auto_approved": false,
  "model_name": "detr-conditional-resnet50",
  "holdout_size": 90
}